feature	importance
TACGTAGGGTGCGAGCGTTGTCCGGAATTATTGGGCGTAAAGGGCTCGTAGGCGGTTTGTCACGTCGGGAGTGAAAACTCAGGGCTTAAC	0.13356495297909007
TACGTAGGGCGCAAGCGTTGTCCGGAATTATTGGGCGTAAAGAGCTTGTAGGCGGTTTGTCGCGTCTGGTGTGAAAACCCATCGCTTAAC	0.12499125456714935
TACGAAGGTCCCAAGCGTTGTTCGGAATCACTGGGCGTAAGGGAGCGTAGGCGGCGTGGTAAGTCAGATGTGAAATCCCGGGGCTCAACC	0.12280003243919271
TACGTAGGGTGCAAGCGTTAATCGGAATTACTGGGCGTAAAGCGTGCGCAGGCGGTTTTGTAAGTCTGATGTGAAATCCCCGGGCTCAAC	0.11045458072295329
TACGTAGGGTCCGAGCGTTGTCCGGAATTACTGGGCGTAAAGAGCTCGTAGGTGGTTTGTCGCGTTGTTCGTGAAAACTCACAGCTTAAC	0.1071350411101723
TACGTAGGGTGCGAGCGTTGTCCGGAATTATTGGGCGTAAAGGGCTCGTAGGCGGTTTGTCGCGTCAGGAGTGAAAACTCGGGGCTTAAC	0.10678997011944862
TACGAAGGGGGCTAGCGTTGTTCGGATTTACTGGGCGTAAAGCGCACGTAGGCGGATTTTTAAGTCAGGGGTGAAATCCCGGGGCTCAAC	0.10434854438152334
TACGGAGGATGCGAGCGTTATCCGGATTTATTGGGTTTAAAGGGTGCGTAGGTGGTTTATTAAGTCAGCGGTGAAAGTTTGTGGCTCAAC	0.1037598628797085
TACGAAGGGTGCAAGCGTTAATCGGAATTACTGGGCGTAAAGCGCGCGTAGGTGGTTCAGCAAGTTGGATGTGAAAGCCCCGGGCTCAAC	0.08615576080076189
